[
  [
    {
      "addArmTwist": true, 
      "addClavicle": true, 
      "addIkBend": true, 
      "addIkStretch": true, 
      "addScapula": true, 
      "addSoftClavicle": true, 
      "asymmetry": false, 
      "color": 17, 
      "fk": true, 
      "fkik": "Blend", 
      "ik": true, 
      "mirror": true, 
      "mirrorAxis": "x", 
      "mirrorside": "R", 
      "moduleName": "arm", 
      "moduleType": "biped_cartoon_arm", 
      "offsets": 0, 
      "orientation": 0, 
      "parentMethod": "parent", 
      "rotateOrder": "xyz", 
      "shape": 0, 
      "side": "L", 
      "size": 1.0, 
      "withGimbal": false
    }, 
    {
      "addArmTwist": true, 
      "addClavicle": true, 
      "addIkBend": true, 
      "addIkStretch": true, 
      "addScapula": true, 
      "addSoftClavicle": true, 
      "asymmetry": false, 
      "color": 13, 
      "fk": true, 
      "fkik": "Blend", 
      "ik": true, 
      "mirror": true, 
      "mirrorAxis": "x", 
      "mirrorside": "R", 
      "moduleName": "arm", 
      "moduleType": "biped_cartoon_arm", 
      "offsets": 0, 
      "orientation": 0, 
      "parentMethod": "parent", 
      "rotateOrder": "xyz", 
      "shape": 0, 
      "side": "R", 
      "size": 1.0, 
      "withGimbal": false
    }
  ]
]