{
  "blendWeights": [
    0.0, 
    0.0, 
    0.0, 
    0.0, 
    0.0, 
    0.0, 
    0.0, 
    0.0, 
    0.0, 
    0.0, 
    0.0, 
    0.0, 
    0.0, 
    0.0, 
    0.0, 
    0.0, 
    0.0, 
    0.0, 
    0.0, 
    0.0, 
    0.0, 
    0.0, 
    0.0, 
    0.0, 
    0.0, 
    0.0, 
    0.0, 
    0.0, 
    0.0, 
    0.0, 
    0.0, 
    0.0
  ], 
  "deformUserNormals": true, 
  "maintainMaxInfluences": true, 
  "maxInfluences": 5, 
  "normalizeWeights": 1, 
  "skinCluster": "skinCluster3", 
  "skinningMethod": 0, 
  "useComponents": false, 
  "weights": {
    "L_ghghg0_JNT": [
      1.0, 
      1.0, 
      1.0, 
      1.0, 
      1.0, 
      1.0, 
      1.0, 
      1.0, 
      1.0, 
      1.0, 
      1.0, 
      1.0, 
      1.0, 
      1.0, 
      1.0, 
      1.0, 
      1.0, 
      1.0, 
      1.0, 
      1.0, 
      1.0, 
      1.0, 
      1.0, 
      1.0, 
      1.0, 
      1.0, 
      1.0, 
      1.0, 
      1.0, 
      1.0, 
      1.0, 
      1.0
    ]
  }
}