[
  {
    "amount": 2, 
    "asymmetry": false, 
    "color": 17, 
    "controlChain": false, 
    "guideChain": false, 
    "hookType": "parent", 
    "mirror": false, 
    "mirrorAxis": "x", 
    "moduleName": "ball", 
    "moduleType": "propCmds", 
    "offsets": 0, 
    "orientation": 0, 
    "rotateOrder": "xyz", 
    "shape": 0, 
    "side": "C", 
    "size": 0.2, 
    "useJoints": true, 
    "withGimbal": false
  }, 
  [
    {
      "amount": 1, 
      "asymmetry": false, 
      "color": 17, 
      "controlChain": false, 
      "guideChain": false, 
      "hookType": "parent", 
      "mirror": true, 
      "mirrorAxis": "x", 
      "mirrorside": "R", 
      "moduleName": "sphere", 
      "moduleType": "propCmds", 
      "offsets": 0, 
      "orientation": 0, 
      "rotateOrder": "xyz", 
      "shape": 0, 
      "side": "L", 
      "size": 1.0, 
      "useJoints": true, 
      "withGimbal": false
    }, 
    {
      "amount": 1, 
      "asymmetry": false, 
      "color": 13, 
      "controlChain": false, 
      "guideChain": false, 
      "hookType": "parent", 
      "mirror": true, 
      "mirrorAxis": "x", 
      "mirrorside": "R", 
      "moduleName": "sphere", 
      "moduleType": "propCmds", 
      "offsets": 0, 
      "orientation": 0, 
      "rotateOrder": "xyz", 
      "shape": 0, 
      "side": "R", 
      "size": 1.0, 
      "useJoints": true, 
      "withGimbal": false
    }
  ]
]